{"stats":{"minecraft:killed_by":{"minecraft:creeper":1,"minecraft:drowned":1,"minecraft:zombie":2},"minecraft:killed":{"minecraft:spider":1,"minecraft:skeleton":1,"minecraft:pig":2,"minecraft:creeper":1,"minecraft:sheep":6,"minecraft:zombie":5,"minecraft:enderman":1,"minecraft:cow":12},"minecraft:crafted":{"minecraft:smooth_stone":3,"minecraft:oak_planks":56,"minecraft:cobblestone_slab":24,"minecraft:barrel":4,"minecraft:birch_slab":132,"minecraft:furnace":3,"minecraft:blast_furnace":1,"minecraft:stone":133,"minecraft:stone_brick_slab":42,"minecraft:ladder":3,"minecraft:stone_pickaxe":2,"minecraft:birch_door":3,"minecraft:stone_bricks":152,"minecraft:oak_slab":12,"minecraft:crafting_table":1,"minecraft:wooden_pickaxe":1,"minecraft:iron_sword":1,"minecraft:birch_planks":312,"minecraft:stone_axe":2,"minecraft:stone_brick_stairs":108,"minecraft:shield":1,"minecraft:birch_fence":9,"minecraft:stick":44,"minecraft:stone_slab":6,"minecraft:iron_ingot":28,"minecraft:iron_pickaxe":2,"minecraft:stonecutter":1,"minecraft:white_bed":2,"minecraft:torch":64,"minecraft:shears":1},"minecraft:mined":{"minecraft:white_bed":2,"minecraft:mossy_cobblestone":3,"minecraft:ladder":5,"minecraft:grass_block":3,"minecraft:birch_slab":7,"minecraft:oak_trapdoor":2,"minecraft:furnace":3,"minecraft:iron_ore":33,"minecraft:barrel":6,"minecraft:pumpkin":28,"minecraft:cobblestone_slab":36,"minecraft:bamboo":3,"minecraft:stone":158,"minecraft:crafting_table":4,"minecraft:torch":4,"minecraft:short_grass":11,"minecraft:blast_furnace":1,"minecraft:stone_slab":2,"minecraft:cobblestone":95,"minecraft:tall_grass":2,"minecraft:oak_planks":2,"minecraft:sugar_cane":5,"minecraft:diorite":8,"minecraft:wall_torch":2,"minecraft:birch_planks":76,"minecraft:birch_log":109,"minecraft:birch_leaves":11,"minecraft:stone_brick_stairs":12,"minecraft:oak_log":58,"minecraft:coal_ore":105,"minecraft:dripstone_block":6,"minecraft:gravel":2,"minecraft:sand":5,"minecraft:dirt":3,"minecraft:stone_bricks":74,"minecraft:oak_leaves":19,"minecraft:fern":1},"minecraft:picked_up":{"minecraft:crafting_table":4,"minecraft:birch_door":1,"minecraft:ladder":3,"minecraft:stone_slab":2,"minecraft:stone_brick_stairs":12,"minecraft:shield":1,"minecraft:oak_trapdoor":2,"minecraft:beef":24,"minecraft:cobblestone_slab":36,"minecraft:iron_pickaxe":1,"minecraft:sugar_cane":12,"minecraft:birch_sapling":3,"minecraft:furnace":3,"minecraft:stick":14,"minecraft:raw_iron":33,"minecraft:stone":28,"minecraft:torch":35,"minecraft:porkchop":4,"minecraft:pointed_dripstone":2,"minecraft:diorite":5,"minecraft:iron_horse_armor":1,"minecraft:rotten_flesh":9,"minecraft:arrow":2,"minecraft:stone_shovel":1,"minecraft:beetroot_seeds":2,"minecraft:mutton":18,"minecraft:white_wool":11,"minecraft:cobblestone":336,"minecraft:birch_log":102,"minecraft:water_bucket":1,"minecraft:birch_slab":8,"minecraft:leather":42,"minecraft:birch_planks":76,"minecraft:oak_log":99,"minecraft:gunpowder":1,"minecraft:dirt":62,"minecraft:bone":5,"minecraft:stone_bricks":101,"minecraft:wheat_seeds":2,"minecraft:iron_ingot":5,"minecraft:bamboo":76,"minecraft:oak_planks":1,"minecraft:cooked_porkchop":4,"minecraft:pumpkin":56,"minecraft:dripstone_block":9,"minecraft:gravel":2,"minecraft:sand":5,"minecraft:blast_furnace":1,"minecraft:white_bed":2,"minecraft:barrel":6,"minecraft:mossy_cobblestone":3,"minecraft:stone_axe":2,"minecraft:golden_apple":1,"minecraft:bread":2,"minecraft:oak_sapling":25,"minecraft:coal":142,"minecraft:ender_pearl":2},"minecraft:custom":{"minecraft:mob_kills":29,"minecraft:interact_with_crafting_table":68,"minecraft:open_barrel":13,"minecraft:leave_game":10,"minecraft:time_since_death":0,"minecraft:climb_one_cm":13533,"minecraft:sprint_one_cm":248568,"minecraft:walk_one_cm":322919,"minecraft:damage_blocked_by_shield":940,"minecraft:drop":8,"minecraft:play_time":171099,"minecraft:deaths":9,"minecraft:sneak_time":15271,"minecraft:walk_under_water_one_cm":5732,"minecraft:jump":1430,"minecraft:interact_with_blast_furnace":1,"minecraft:walk_on_water_one_cm":12187,"minecraft:total_world_time":171099,"minecraft:interact_with_furnace":50,"minecraft:interact_with_stonecutter":2,"minecraft:sleep_in_bed":2,"minecraft:time_since_rest":120,"minecraft:damage_taken":2551,"minecraft:damage_dealt":4415,"minecraft:swim_one_cm":7088,"minecraft:fly_one_cm":108083,"minecraft:open_chest":3,"minecraft:crouch_one_cm":32392,"minecraft:fall_one_cm":48768},"minecraft:broken":{"minecraft:stone_pickaxe":1,"minecraft:stone_axe":2,"minecraft:iron_pickaxe":1},"minecraft:used":{"minecraft:ladder":6,"minecraft:shield":27,"minecraft:iron_sword":136,"minecraft:rotten_flesh":3,"minecraft:torch":80,"minecraft:dirt":13,"minecraft:birch_door":2,"minecraft:stone_brick_slab":42,"minecraft:stone_brick_stairs":119,"minecraft:barrel":9,"minecraft:stone_bricks":68,"minecraft:furnace":4,"minecraft:diorite":5,"minecraft:birch_planks":294,"minecraft:stone_pickaxe":157,"minecraft:wooden_pickaxe":5,"minecraft:stonecutter":1,"minecraft:cobblestone_slab":36,"minecraft:crafting_table":4,"minecraft:blast_furnace":2,"minecraft:white_bed":4,"minecraft:dripstone_block":3,"minecraft:shears":1,"minecraft:birch_fence":8,"minecraft:oak_log":5,"minecraft:birch_slab":121,"minecraft:iron_pickaxe":380,"minecraft:stone_slab":2,"minecraft:gravel":2,"minecraft:stone_axe":319,"minecraft:cobblestone":96,"minecraft:cooked_porkchop":4},"minecraft:dropped":{"minecraft:water_bucket":1,"minecraft:oak_log":24,"minecraft:dirt":36,"minecraft:iron_pickaxe":1,"minecraft:stone_axe":1,"minecraft:stone_shovel":1,"minecraft:shield":1,"minecraft:oak_sapling":11}},"DataVersion":3955}