{"stats":{"minecraft:picked_up":{"minecraft:stone_button":1,"minecraft:command_block":1,"minecraft:oak_sign":1,"minecraft:sea_lantern":1,"minecraft:wooden_axe":1},"minecraft:dropped":{"minecraft:sea_lantern":1,"minecraft:oak_sign":1,"minecraft:wooden_axe":1,"minecraft:command_block":1,"minecraft:stone_button":1},"minecraft:custom":{"minecraft:jump":12,"minecraft:time_since_rest":7237,"minecraft:damage_dealt":148,"minecraft:sprint_one_cm":17479,"minecraft:leave_game":3,"minecraft:play_time":7237,"minecraft:damage_taken":30,"minecraft:time_since_death":7237,"minecraft:walk_one_cm":9880,"minecraft:total_world_time":7237,"minecraft:drop":5,"minecraft:fly_one_cm":668,"minecraft:player_kills":1}},"DataVersion":3955}