{"stats":{"minecraft:custom":{"minecraft:time_since_rest":45783,"minecraft:damage_taken":1206,"minecraft:crouch_one_cm":1009,"minecraft:play_time":183671,"minecraft:sprint_one_cm":71140,"minecraft:deaths":5,"minecraft:walk_one_cm":91425,"minecraft:sneak_time":809,"minecraft:mob_kills":2,"minecraft:drop":1,"minecraft:jump":799,"minecraft:damage_dealt":118,"minecraft:leave_game":15,"minecraft:time_since_death":45755,"minecraft:total_world_time":183671,"minecraft:fall_one_cm":31043,"minecraft:fly_one_cm":179301},"minecraft:killed_by":{"minecraft:zombie":3},"minecraft:crafted":{"minecraft:oak_planks":20,"minecraft:crafting_table":1},"minecraft:killed":{"minecraft:cow":1},"minecraft:dropped":{"minecraft:crafting_table":1},"minecraft:picked_up":{"minecraft:crafting_table":2,"minecraft:rotten_flesh":3,"minecraft:wheat_seeds":1,"minecraft:beef":1,"minecraft:oak_log":5,"minecraft:oak_planks":16,"minecraft:dirt":1},"minecraft:mined":{"minecraft:grass":2,"minecraft:grass_block":1,"minecraft:oak_log":5},"minecraft:used":{"minecraft:rotten_flesh":3,"minecraft:dirt":8,"minecraft:beef":1,"minecraft:command_block":8,"minecraft:stone":1,"minecraft:redstone_block":7}},"DataVersion":3465}