{"stats":{"minecraft:mined":{"minecraft:dandelion":3,"minecraft:crafting_table":2,"minecraft:torch":5,"minecraft:grass_block":52,"minecraft:tall_grass":1,"minecraft:oak_planks":2,"minecraft:furnace":1,"minecraft:iron_ore":9,"minecraft:yellow_bed":1,"minecraft:grass":7,"minecraft:oak_log":47,"minecraft:coal_ore":11,"minecraft:dirt":2,"minecraft:stone":23,"minecraft:oak_leaves":48},"minecraft:crafted":{"minecraft:cooked_beef":3,"minecraft:oak_planks":108,"minecraft:yellow_wool":3,"minecraft:stone_shovel":1,"minecraft:crafting_table":2,"minecraft:wooden_pickaxe":1,"minecraft:cooked_chicken":1,"minecraft:furnace":1,"minecraft:yellow_bed":1,"minecraft:stone_axe":1,"minecraft:cooked_mutton":5,"minecraft:air":0,"minecraft:charcoal":11,"minecraft:yellow_dye":3,"minecraft:stick":12,"minecraft:iron_ingot":9,"minecraft:stone_pickaxe":1,"minecraft:torch":36},"minecraft:custom":{"minecraft:interact_with_furnace":16,"minecraft:mob_kills":10,"minecraft:interact_with_crafting_table":8,"minecraft:leave_game":15,"minecraft:time_since_death":85055,"minecraft:sleep_in_bed":2,"minecraft:time_since_rest":3723,"minecraft:sprint_one_cm":127176,"minecraft:damage_taken":1296,"minecraft:walk_one_cm":159304,"minecraft:drop":1,"minecraft:damage_dealt":1048,"minecraft:fly_one_cm":297247,"minecraft:crouch_one_cm":15172,"minecraft:play_time":222971,"minecraft:deaths":5,"minecraft:sneak_time":4823,"minecraft:walk_under_water_one_cm":207,"minecraft:jump":1494,"minecraft:walk_on_water_one_cm":3387,"minecraft:total_world_time":222971,"minecraft:fall_one_cm":56174},"minecraft:picked_up":{"minecraft:crafting_table":4,"minecraft:feather":1,"minecraft:chicken":1,"minecraft:leather":5,"minecraft:oak_log":47,"minecraft:yellow_bed":1,"minecraft:dirt":54,"minecraft:apple":1,"minecraft:wheat_seeds":1,"minecraft:beef":4,"minecraft:oak_planks":18,"minecraft:furnace":1,"minecraft:stick":5,"minecraft:raw_iron":12,"minecraft:torch":7,"minecraft:dandelion":3,"minecraft:rotten_flesh":3,"minecraft:gray_wool":1,"minecraft:oak_sapling":16,"minecraft:mutton":5,"minecraft:coal":11,"minecraft:white_wool":2,"minecraft:cobblestone":23},"minecraft:killed":{"minecraft:sheep":3,"minecraft:horse":2,"minecraft:chicken":1,"minecraft:cow":3},"minecraft:used":{"minecraft:cooked_mutton":5,"minecraft:stone_shovel":55,"minecraft:stone_pickaxe":42,"minecraft:oak_planks":2,"minecraft:wooden_pickaxe":3,"minecraft:stone":1,"minecraft:redstone_block":7,"minecraft:cooked_chicken":1,"minecraft:rotten_flesh":3,"minecraft:torch":10,"minecraft:dirt":12,"minecraft:crafting_table":3,"minecraft:oak_log":9,"minecraft:apple":1,"minecraft:command_block":8,"minecraft:stone_axe":87,"minecraft:beef":1,"minecraft:oak_sapling":1,"minecraft:furnace":2,"minecraft:yellow_bed":2},"minecraft:killed_by":{"minecraft:zombie":3},"minecraft:dropped":{"minecraft:crafting_table":1}},"DataVersion":3465}