{"stats":{"minecraft:used":{"minecraft:rotten_flesh":2,"minecraft:dirt":2,"minecraft:beef":1},"minecraft:picked_up":{"minecraft:crafting_table":1,"minecraft:rotten_flesh":3,"minecraft:wheat_seeds":1,"minecraft:beef":1,"minecraft:oak_log":5,"minecraft:oak_planks":16,"minecraft:dirt":1},"minecraft:crafted":{"minecraft:oak_planks":20,"minecraft:crafting_table":1},"minecraft:killed_by":{"minecraft:zombie":3},"minecraft:custom":{"minecraft:time_since_rest":7904,"minecraft:damage_taken":1186,"minecraft:crouch_one_cm":782,"minecraft:play_time":145792,"minecraft:sprint_one_cm":56797,"minecraft:deaths":5,"minecraft:walk_one_cm":78688,"minecraft:sneak_time":343,"minecraft:mob_kills":2,"minecraft:jump":664,"minecraft:damage_dealt":118,"minecraft:leave_game":11,"minecraft:time_since_death":7876,"minecraft:total_world_time":145792,"minecraft:fall_one_cm":26190,"minecraft:fly_one_cm":143784},"minecraft:mined":{"minecraft:grass":2,"minecraft:grass_block":1,"minecraft:oak_log":5},"minecraft:killed":{"minecraft:cow":1}},"DataVersion":3465}