{"stats":{"minecraft:crafted":{"minecraft:oak_planks":20,"minecraft:crafting_table":1},"minecraft:mined":{"minecraft:grass":2,"minecraft:grass_block":1,"minecraft:oak_log":10,"minecraft:oak_leaves":2},"minecraft:picked_up":{"minecraft:crafting_table":2,"minecraft:rotten_flesh":3,"minecraft:wheat_seeds":1,"minecraft:beef":1,"minecraft:oak_log":10,"minecraft:oak_planks":16,"minecraft:dirt":1},"minecraft:custom":{"minecraft:time_since_rest":49083,"minecraft:damage_taken":1206,"minecraft:crouch_one_cm":1711,"minecraft:play_time":186971,"minecraft:sprint_one_cm":74470,"minecraft:deaths":5,"minecraft:walk_one_cm":94760,"minecraft:sneak_time":1201,"minecraft:mob_kills":2,"minecraft:drop":1,"minecraft:jump":851,"minecraft:damage_dealt":118,"minecraft:leave_game":15,"minecraft:time_since_death":49055,"minecraft:total_world_time":186971,"minecraft:fall_one_cm":33040,"minecraft:fly_one_cm":189692},"minecraft:killed":{"minecraft:cow":1},"minecraft:used":{"minecraft:rotten_flesh":3,"minecraft:dirt":8,"minecraft:beef":1,"minecraft:command_block":8,"minecraft:stone":1,"minecraft:redstone_block":7},"minecraft:dropped":{"minecraft:crafting_table":1},"minecraft:killed_by":{"minecraft:zombie":3}},"DataVersion":3465}