{"stats":{"minecraft:used":{"minecraft:rotten_flesh":1,"minecraft:dirt":1,"minecraft:beef":1},"minecraft:picked_up":{"minecraft:rotten_flesh":1,"minecraft:beef":1,"minecraft:oak_log":5,"minecraft:dirt":1},"minecraft:crafted":{"minecraft:oak_planks":20,"minecraft:crafting_table":1},"minecraft:custom":{"minecraft:time_since_rest":74827,"minecraft:damage_taken":841,"minecraft:crouch_one_cm":723,"minecraft:sprint_one_cm":53412,"minecraft:play_time":122793,"minecraft:deaths":4,"minecraft:walk_one_cm":73468,"minecraft:sneak_time":310,"minecraft:mob_kills":2,"minecraft:jump":628,"minecraft:damage_dealt":118,"minecraft:leave_game":10,"minecraft:time_since_death":74775,"minecraft:total_world_time":122793,"minecraft:fall_one_cm":25368,"minecraft:fly_one_cm":114048},"minecraft:killed_by":{"minecraft:zombie":2},"minecraft:mined":{"minecraft:grass":2,"minecraft:grass_block":1,"minecraft:oak_log":5},"minecraft:killed":{"minecraft:cow":1}},"DataVersion":3465}