{"stats":{"minecraft:picked_up":{"minecraft:rotten_flesh":1,"minecraft:dirt":1},"minecraft:custom":{"minecraft:jump":397,"minecraft:time_since_rest":21151,"minecraft:damage_dealt":18,"minecraft:damage_taken":766,"minecraft:leave_game":6,"minecraft:crouch_one_cm":400,"minecraft:play_time":69117,"minecraft:sprint_one_cm":31148,"minecraft:time_since_death":21099,"minecraft:walk_one_cm":47864,"minecraft:deaths":4,"minecraft:sneak_time":139,"minecraft:total_world_time":69117,"minecraft:mob_kills":1,"minecraft:fall_one_cm":17912,"minecraft:fly_one_cm":72984},"minecraft:killed_by":{"minecraft:zombie":2},"minecraft:used":{"minecraft:rotten_flesh":1,"minecraft:dirt":1},"minecraft:mined":{"minecraft:grass_block":1}},"DataVersion":3465}