{"stats":{"minecraft:mined":{"minecraft:dandelion":3,"minecraft:torch":2,"minecraft:crafting_table":1,"minecraft:grass":5,"minecraft:grass_block":1,"minecraft:oak_log":42,"minecraft:tall_grass":1,"minecraft:stone":15,"minecraft:oak_planks":2,"minecraft:oak_leaves":29},"minecraft:crafted":{"minecraft:yellow_wool":3,"minecraft:oak_planks":56,"minecraft:charcoal":11,"minecraft:yellow_dye":3,"minecraft:crafting_table":2,"minecraft:stick":8,"minecraft:wooden_pickaxe":1,"minecraft:stone_pickaxe":1,"minecraft:furnace":1,"minecraft:yellow_bed":1,"minecraft:torch":8,"minecraft:stone_axe":1,"minecraft:air":0,"minecraft:cooked_mutton":5},"minecraft:picked_up":{"minecraft:crafting_table":3,"minecraft:feather":1,"minecraft:chicken":1,"minecraft:leather":5,"minecraft:torch":2,"minecraft:dandelion":3,"minecraft:oak_log":42,"minecraft:dirt":1,"minecraft:apple":1,"minecraft:rotten_flesh":3,"minecraft:wheat_seeds":1,"minecraft:beef":4,"minecraft:gray_wool":1,"minecraft:oak_sapling":1,"minecraft:mutton":5,"minecraft:oak_planks":18,"minecraft:white_wool":2,"minecraft:cobblestone":15},"minecraft:custom":{"minecraft:time_since_rest":3996,"minecraft:interact_with_furnace":9,"minecraft:sprint_one_cm":101149,"minecraft:damage_taken":1236,"minecraft:walk_one_cm":139731,"minecraft:mob_kills":10,"minecraft:drop":1,"minecraft:damage_dealt":1048,"minecraft:interact_with_crafting_table":7,"minecraft:fly_one_cm":236901,"minecraft:crouch_one_cm":7216,"minecraft:play_time":210971,"minecraft:deaths":5,"minecraft:sneak_time":2750,"minecraft:walk_under_water_one_cm":207,"minecraft:jump":1194,"minecraft:walk_on_water_one_cm":1046,"minecraft:leave_game":15,"minecraft:time_since_death":73055,"minecraft:sleep_in_bed":1,"minecraft:total_world_time":210971,"minecraft:fall_one_cm":42975},"minecraft:killed":{"minecraft:horse":2,"minecraft:sheep":3,"minecraft:chicken":1,"minecraft:cow":3},"minecraft:used":{"minecraft:oak_log":5,"minecraft:cooked_mutton":4,"minecraft:apple":1,"minecraft:command_block":8,"minecraft:stone_pickaxe":12,"minecraft:oak_planks":2,"minecraft:wooden_pickaxe":3,"minecraft:stone":1,"minecraft:redstone_block":7,"minecraft:rotten_flesh":3,"minecraft:stone_axe":76,"minecraft:torch":2,"minecraft:dirt":8,"minecraft:beef":1,"minecraft:crafting_table":2,"minecraft:furnace":1,"minecraft:yellow_bed":1},"minecraft:killed_by":{"minecraft:zombie":3},"minecraft:dropped":{"minecraft:crafting_table":1}},"DataVersion":3465}