{"stats":{"minecraft:custom":{"minecraft:time_since_rest":40887,"minecraft:damage_taken":1206,"minecraft:crouch_one_cm":853,"minecraft:play_time":178775,"minecraft:sprint_one_cm":71140,"minecraft:deaths":5,"minecraft:walk_one_cm":91046,"minecraft:sneak_time":676,"minecraft:mob_kills":2,"minecraft:drop":1,"minecraft:jump":790,"minecraft:damage_dealt":118,"minecraft:leave_game":13,"minecraft:time_since_death":40859,"minecraft:total_world_time":178775,"minecraft:fall_one_cm":31043,"minecraft:fly_one_cm":179220},"minecraft:killed_by":{"minecraft:zombie":3},"minecraft:crafted":{"minecraft:oak_planks":20,"minecraft:crafting_table":1},"minecraft:killed":{"minecraft:cow":1},"minecraft:dropped":{"minecraft:crafting_table":1},"minecraft:picked_up":{"minecraft:crafting_table":2,"minecraft:rotten_flesh":3,"minecraft:wheat_seeds":1,"minecraft:beef":1,"minecraft:oak_log":5,"minecraft:oak_planks":16,"minecraft:dirt":1},"minecraft:mined":{"minecraft:grass":2,"minecraft:grass_block":1,"minecraft:oak_log":5},"minecraft:used":{"minecraft:rotten_flesh":3,"minecraft:dirt":2,"minecraft:beef":1,"minecraft:command_block":8,"minecraft:stone":1,"minecraft:redstone_block":3}},"DataVersion":3465}