{"stats":{"minecraft:killed":{"minecraft:pig":1,"minecraft:spider":1,"hmag:hornet":1,"minecraft:horse":2,"minecraft:sheep":3,"minecraft:skeleton":1,"minecraft:zombie":3,"minecraft:chicken":1,"minecraft:cow":3},"minecraft:dropped":{"minecraft:wheat_seeds":2,"minecraft:crafting_table":1,"minecraft:apple":1},"minecraft:custom":{"minecraft:interact_with_furnace":29,"minecraft:mob_kills":17,"minecraft:interact_with_crafting_table":20,"minecraft:leave_game":25,"minecraft:time_since_death":47649,"minecraft:sleep_in_bed":5,"minecraft:time_since_rest":14307,"minecraft:sprint_one_cm":312935,"minecraft:damage_taken":2684,"minecraft:walk_one_cm":392073,"minecraft:drop":4,"minecraft:damage_dealt":2094,"minecraft:fly_one_cm":948256,"minecraft:open_chest":34,"minecraft:crouch_one_cm":48717,"minecraft:play_time":379761,"minecraft:deaths":8,"minecraft:sneak_time":15335,"minecraft:walk_under_water_one_cm":283,"minecraft:jump":2834,"minecraft:walk_on_water_one_cm":4833,"minecraft:total_world_time":379761,"minecraft:fall_one_cm":81240},"minecraft:broken":{"minecraft:stone_axe":1},"minecraft:killed_by":{"minecraft:zombie":3},"minecraft:mined":{"minecraft:cobblestone_stairs":26,"minecraft:dandelion":3,"minecraft:torch":9,"minecraft:crafting_table":5,"minecraft:grass_block":161,"minecraft:chest":3,"minecraft:tall_grass":1,"minecraft:cobblestone":43,"minecraft:oak_planks":8,"minecraft:pink_petals":45,"minecraft:furnace":6,"minecraft:fire":40,"minecraft:birch_log":19,"minecraft:iron_ore":13,"minecraft:birch_leaves":16,"minecraft:yellow_bed":5,"minecraft:grass":14,"minecraft:coal_ore":25,"minecraft:oak_log":115,"minecraft:cobblestone_slab":6,"minecraft:cherry_leaves":6,"minecraft:dirt":33,"minecraft:stone":29,"minecraft:oak_leaves":66},"minecraft:crafted":{"minecraft:cooked_beef":3,"minecraft:yellow_wool":3,"minecraft:oak_planks":244,"minecraft:cobblestone_slab":6,"minecraft:stone_shovel":1,"minecraft:cooked_porkchop":2,"minecraft:crafting_table":2,"minecraft:wooden_pickaxe":1,"minecraft:cooked_chicken":1,"minecraft:furnace":1,"minecraft:cobblestone_stairs":20,"minecraft:stone":42,"minecraft:yellow_bed":1,"minecraft:stone_axe":1,"minecraft:cooked_mutton":5,"minecraft:air":0,"minecraft:iron_chestplate":1,"minecraft:charcoal":11,"minecraft:yellow_dye":3,"minecraft:shield":1,"minecraft:iron_axe":1,"minecraft:stick":16,"minecraft:iron_ingot":16,"minecraft:iron_pickaxe":1,"minecraft:stone_pickaxe":1,"minecraft:oak_stairs":4,"minecraft:chest":1,"minecraft:iron_shovel":1,"minecraft:torch":56},"minecraft:used":{"minecraft:cooked_mutton":5,"minecraft:iron_shovel":49,"minecraft:cobblestone_stairs":24,"minecraft:stone_pickaxe":43,"minecraft:stone_shovel":128,"minecraft:oak_planks":128,"minecraft:chest":5,"minecraft:redstone_block":8,"minecraft:stone":47,"minecraft:wooden_pickaxe":3,"minecraft:cobblestone_slab":10,"minecraft:cooked_chicken":1,"minecraft:rotten_flesh":5,"minecraft:torch":55,"minecraft:dirt":148,"minecraft:crafting_table":6,"minecraft:oak_log":53,"minecraft:apple":10,"minecraft:command_block":16,"minecraft:suspicious_stew":1,"minecraft:iron_pickaxe":103,"minecraft:iron_axe":113,"minecraft:oak_stairs":3,"minecraft:bread":5,"minecraft:deepslate":1,"minecraft:stone_axe":119,"minecraft:cobblestone":67,"minecraft:beef":1,"minecraft:oak_sapling":6,"minecraft:furnace":8,"minecraft:cooked_porkchop":1,"minecraft:birch_log":1,"minecraft:yellow_bed":7,"minecraft:cooked_beef":3},"minecraft:picked_up":{"minecraft:birch_log":19,"minecraft:charcoal":16,"minecraft:pink_petals":228,"minecraft:crafting_table":8,"minecraft:feather":5,"minecraft:cooked_beef":8,"minecraft:chicken":1,"minecraft:suspicious_stew":2,"minecraft:salmon":1,"minecraft:leather":20,"minecraft:oak_stairs":1,"minecraft:potato":1,"minecraft:flint":5,"minecraft:oak_log":116,"minecraft:brewing_stand":1,"minecraft:yellow_bed":5,"minecraft:shield":1,"minecraft:gunpowder":2,"minecraft:cobblestone_stairs":32,"minecraft:dirt":230,"minecraft:paper":7,"minecraft:raw_copper":4,"minecraft:iron_axe":3,"minecraft:coast_armor_trim_smithing_template":2,"minecraft:bone":2,"minecraft:apple":9,"minecraft:wheat_seeds":30,"minecraft:cobbled_deepslate":64,"minecraft:gold_nugget":4,"minecraft:iron_ingot":6,"minecraft:beef":4,"minecraft:stone_pickaxe":1,"minecraft:oak_boat":1,"minecraft:cobblestone_slab":8,"minecraft:poppy":1,"minecraft:iron_pickaxe":3,"minecraft:chest":4,"minecraft:birch_sapling":6,"hmag:golden_tropical_fish":2,"minecraft:oak_planks":50,"minecraft:honeycomb":2,"minecraft:furnace":7,"minecraft:egg":1,"minecraft:raw_iron":16,"minecraft:stick":32,"minecraft:stone":42,"minecraft:torch":138,"minecraft:bowl":1,"minecraft:dandelion":3,"minecraft:porkchop":2,"minecraft:cherry_log":54,"minecraft:diorite":3,"minecraft:arrow":8,"minecraft:rotten_flesh":5,"minecraft:diamond":1,"minecraft:cherry_sapling":1,"minecraft:gray_wool":1,"minecraft:bread":5,"minecraft:oak_sapling":47,"minecraft:mutton":5,"minecraft:coal":42,"minecraft:white_wool":2,"minecraft:cobblestone":94}},"DataVersion":3465}