{"stats":{"minecraft:killed":{"hmag:melty_monster":1},"minecraft:custom":{"minecraft:jump":5,"minecraft:time_since_rest":786,"minecraft:damage_dealt":249,"minecraft:crouch_one_cm":41,"minecraft:deaths":2,"minecraft:sprint_one_cm":559,"minecraft:play_time":3168,"minecraft:time_since_death":752,"minecraft:walk_one_cm":6752,"minecraft:sneak_time":54,"minecraft:total_world_time":3168,"minecraft:mob_kills":1,"minecraft:fly_one_cm":28932},"minecraft:used":{"minecraft:netherite_sword":10,"hmag:melty_monster_spawn_egg":1}},"DataVersion":3465}