{"stats":{"minecraft:picked_up":{"minecraft:rotten_flesh":1,"minecraft:dirt":1},"minecraft:custom":{"minecraft:jump":450,"minecraft:time_since_rest":33151,"minecraft:damage_dealt":18,"minecraft:damage_taken":841,"minecraft:leave_game":6,"minecraft:crouch_one_cm":400,"minecraft:play_time":81117,"minecraft:sprint_one_cm":35035,"minecraft:time_since_death":33099,"minecraft:walk_one_cm":51878,"minecraft:deaths":4,"minecraft:sneak_time":139,"minecraft:total_world_time":81117,"minecraft:mob_kills":1,"minecraft:fall_one_cm":20060,"minecraft:fly_one_cm":82754},"minecraft:killed_by":{"minecraft:zombie":2},"minecraft:used":{"minecraft:rotten_flesh":1,"minecraft:dirt":1},"minecraft:mined":{"minecraft:grass_block":1}},"DataVersion":3465}