{"stats":{"minecraft:picked_up":{"minecraft:rotten_flesh":1,"minecraft:dirt":1},"minecraft:custom":{"minecraft:jump":292,"minecraft:time_since_rest":1069,"minecraft:damage_dealt":18,"minecraft:damage_taken":766,"minecraft:leave_game":4,"minecraft:crouch_one_cm":400,"minecraft:play_time":49035,"minecraft:sprint_one_cm":24472,"minecraft:time_since_death":1017,"minecraft:walk_one_cm":31496,"minecraft:deaths":4,"minecraft:sneak_time":139,"minecraft:total_world_time":49035,"minecraft:mob_kills":1,"minecraft:fall_one_cm":16031,"minecraft:fly_one_cm":59807},"minecraft:killed_by":{"minecraft:zombie":2},"minecraft:used":{"minecraft:rotten_flesh":1,"minecraft:dirt":1},"minecraft:mined":{"minecraft:grass_block":1}},"DataVersion":3465}