{"stats":{"minecraft:mined":{"minecraft:dandelion":3,"minecraft:crafting_table":1,"minecraft:grass":3,"minecraft:grass_block":1,"minecraft:oak_log":19,"minecraft:stone":15,"minecraft:oak_leaves":2},"minecraft:crafted":{"minecraft:yellow_wool":3,"minecraft:oak_planks":40,"minecraft:yellow_dye":3,"minecraft:crafting_table":2,"minecraft:stick":8,"minecraft:wooden_pickaxe":1,"minecraft:stone_pickaxe":1,"minecraft:furnace":1,"minecraft:yellow_bed":1,"minecraft:stone_axe":1,"minecraft:air":0,"minecraft:cooked_mutton":5},"minecraft:picked_up":{"minecraft:crafting_table":3,"minecraft:dandelion":3,"minecraft:oak_log":18,"minecraft:dirt":1,"minecraft:rotten_flesh":3,"minecraft:wheat_seeds":1,"minecraft:beef":1,"minecraft:gray_wool":1,"minecraft:mutton":5,"minecraft:oak_planks":16,"minecraft:white_wool":2,"minecraft:cobblestone":15},"minecraft:custom":{"minecraft:time_since_rest":61083,"minecraft:interact_with_furnace":2,"minecraft:sprint_one_cm":75235,"minecraft:damage_taken":1206,"minecraft:walk_one_cm":128438,"minecraft:mob_kills":5,"minecraft:drop":1,"minecraft:damage_dealt":358,"minecraft:interact_with_crafting_table":6,"minecraft:fly_one_cm":190538,"minecraft:crouch_one_cm":3824,"minecraft:play_time":198971,"minecraft:deaths":5,"minecraft:sneak_time":1632,"minecraft:jump":950,"minecraft:leave_game":15,"minecraft:time_since_death":61055,"minecraft:total_world_time":198971,"minecraft:fall_one_cm":35250},"minecraft:killed":{"minecraft:sheep":3,"minecraft:cow":1},"minecraft:used":{"minecraft:oak_log":5,"minecraft:cooked_mutton":3,"minecraft:command_block":8,"minecraft:stone_pickaxe":12,"minecraft:wooden_pickaxe":3,"minecraft:stone":1,"minecraft:redstone_block":7,"minecraft:rotten_flesh":3,"minecraft:stone_axe":13,"minecraft:dirt":8,"minecraft:beef":1,"minecraft:crafting_table":2,"minecraft:furnace":1,"minecraft:yellow_bed":1},"minecraft:killed_by":{"minecraft:zombie":3},"minecraft:dropped":{"minecraft:crafting_table":1}},"DataVersion":3465}