{"stats":{"minecraft:mined":{"minecraft:dandelion":3,"minecraft:crafting_table":3,"minecraft:torch":7,"minecraft:grass_block":110,"minecraft:tall_grass":1,"minecraft:oak_planks":4,"minecraft:furnace":2,"minecraft:iron_ore":9,"minecraft:yellow_bed":3,"minecraft:grass":9,"minecraft:oak_log":64,"minecraft:coal_ore":11,"minecraft:dirt":16,"minecraft:stone":23,"minecraft:oak_leaves":60},"minecraft:crafted":{"minecraft:cooked_beef":3,"minecraft:yellow_wool":3,"minecraft:oak_planks":124,"minecraft:stone_shovel":1,"minecraft:crafting_table":2,"minecraft:wooden_pickaxe":1,"minecraft:cooked_chicken":1,"minecraft:furnace":1,"minecraft:yellow_bed":1,"minecraft:stone_axe":1,"minecraft:cooked_mutton":5,"minecraft:air":0,"minecraft:charcoal":11,"minecraft:yellow_dye":3,"minecraft:iron_axe":1,"minecraft:stick":12,"minecraft:iron_ingot":9,"minecraft:iron_pickaxe":1,"minecraft:stone_pickaxe":1,"minecraft:chest":1,"minecraft:torch":36},"minecraft:custom":{"minecraft:interact_with_furnace":18,"minecraft:mob_kills":10,"minecraft:interact_with_crafting_table":11,"minecraft:leave_game":16,"minecraft:time_since_death":100802,"minecraft:sleep_in_bed":3,"minecraft:time_since_rest":4873,"minecraft:sprint_one_cm":133918,"minecraft:damage_taken":1316,"minecraft:walk_one_cm":177475,"minecraft:drop":1,"minecraft:damage_dealt":1048,"minecraft:fly_one_cm":302437,"minecraft:open_chest":6,"minecraft:crouch_one_cm":23121,"minecraft:play_time":238718,"minecraft:deaths":5,"minecraft:sneak_time":6732,"minecraft:walk_under_water_one_cm":207,"minecraft:jump":1548,"minecraft:walk_on_water_one_cm":3695,"minecraft:total_world_time":238718,"minecraft:fall_one_cm":56865},"minecraft:picked_up":{"minecraft:crafting_table":5,"minecraft:feather":1,"minecraft:chicken":1,"minecraft:leather":5,"minecraft:oak_log":64,"minecraft:yellow_bed":3,"minecraft:dirt":126,"minecraft:apple":3,"minecraft:wheat_seeds":1,"minecraft:beef":4,"minecraft:oak_planks":20,"minecraft:furnace":2,"minecraft:stick":11,"minecraft:raw_iron":12,"minecraft:torch":9,"minecraft:dandelion":3,"minecraft:rotten_flesh":3,"minecraft:gray_wool":1,"minecraft:oak_sapling":18,"minecraft:mutton":5,"minecraft:coal":11,"minecraft:white_wool":2,"minecraft:cobblestone":23},"minecraft:killed":{"minecraft:sheep":3,"minecraft:horse":2,"minecraft:chicken":1,"minecraft:cow":3},"minecraft:used":{"minecraft:cooked_mutton":5,"minecraft:stone_shovel":128,"minecraft:stone_pickaxe":43,"minecraft:oak_planks":68,"minecraft:chest":1,"minecraft:wooden_pickaxe":3,"minecraft:stone":1,"minecraft:redstone_block":7,"minecraft:cooked_chicken":1,"minecraft:rotten_flesh":3,"minecraft:torch":12,"minecraft:dirt":12,"minecraft:crafting_table":4,"minecraft:oak_log":13,"minecraft:apple":1,"minecraft:command_block":8,"minecraft:stone_axe":119,"minecraft:beef":1,"minecraft:oak_sapling":2,"minecraft:furnace":3,"minecraft:yellow_bed":4},"minecraft:killed_by":{"minecraft:zombie":3},"minecraft:dropped":{"minecraft:crafting_table":1},"minecraft:broken":{"minecraft:stone_axe":1}},"DataVersion":3465}