{"stats":{"minecraft:picked_up":{"minecraft:rotten_flesh":1,"minecraft:dirt":1},"minecraft:mined":{"minecraft:grass_block":1},"minecraft:killed_by":{"minecraft:zombie":2},"minecraft:custom":{"minecraft:jump":567,"minecraft:time_since_rest":56964,"minecraft:damage_dealt":18,"minecraft:damage_taken":841,"minecraft:leave_game":8,"minecraft:crouch_one_cm":400,"minecraft:play_time":104930,"minecraft:sprint_one_cm":49297,"minecraft:time_since_death":56912,"minecraft:walk_one_cm":68963,"minecraft:deaths":4,"minecraft:sneak_time":139,"minecraft:total_world_time":104930,"minecraft:mob_kills":1,"minecraft:fall_one_cm":23580,"minecraft:fly_one_cm":105009},"minecraft:used":{"minecraft:rotten_flesh":1,"minecraft:dirt":1}},"DataVersion":3465}