{"stats":{"minecraft:broken":{"minecraft:stone_axe":1},"minecraft:crafted":{"minecraft:cooked_beef":18,"minecraft:oak_planks":300,"minecraft:stone_shovel":2,"minecraft:crafting_table":5,"minecraft:wooden_pickaxe":1,"minecraft:cooked_chicken":1,"minecraft:furnace":3,"minecraft:stone":119,"minecraft:bucket":1,"minecraft:birch_planks":148,"minecraft:campfire":1,"minecraft:stone_axe":4,"minecraft:air":0,"minecraft:oak_trapdoor":2,"minecraft:wooden_hoe":1,"minecraft:charcoal":18,"minecraft:shield":1,"minecraft:ladder":9,"minecraft:stick":60,"minecraft:iron_ingot":7,"minecraft:stone_pickaxe":1,"minecraft:iron_pickaxe":1,"minecraft:chest":4,"minecraft:torch":104,"minecraft:stone_bricks":116},"minecraft:killed_by":{"minecraft:zombie_villager":1,"minecraft:player":1,"minecraft:creeper":1,"minecraft:zombie":2,"minecraft:bee":2},"minecraft:used":{"minecraft:wheat_seeds":11,"minecraft:orange_dye":1,"minecraft:oak_trapdoor":2,"minecraft:water_bucket":11,"minecraft:flint_and_steel":5,"minecraft:birch_planks":102,"minecraft:birch_leaves":2,"minecraft:stone_shovel":95,"minecraft:stone_pickaxe":108,"minecraft:ladder":11,"minecraft:oak_planks":6,"minecraft:oak_sign":13,"minecraft:wooden_pickaxe":4,"minecraft:chest":4,"minecraft:shield":3,"minecraft:stone":10,"minecraft:redstone_block":5,"minecraft:white_dye":3,"minecraft:glow_ink_sac":6,"minecraft:cooked_chicken":1,"minecraft:rotten_flesh":5,"minecraft:torch":94,"minecraft:dirt":37,"minecraft:crafting_table":5,"minecraft:green_dye":1,"minecraft:campfire":1,"minecraft:obsidian":29,"minecraft:stone_brick_slab":1,"minecraft:oak_log":35,"minecraft:wooden_hoe":54,"minecraft:sea_lantern":22,"minecraft:yellow_dye":1,"minecraft:apple":2,"minecraft:command_block":16,"minecraft:iron_pickaxe":168,"minecraft:grass_block":13,"minecraft:chicken":1,"minecraft:stone_button":4,"minecraft:purple_dye":3,"minecraft:gravel":8,"minecraft:crimson_nylium":4,"minecraft:stone_bricks":91,"minecraft:stone_axe":239,"minecraft:cobblestone":41,"minecraft:furnace":4,"minecraft:bucket":12,"minecraft:cooked_beef":2,"minecraft:red_dye":4,"minecraft:coarse_dirt":3,"minecraft:oak_fence":16},"minecraft:dropped":{"minecraft:cooked_porkchop":8,"minecraft:stone_shovel":1,"minecraft:chicken":2,"minecraft:grass_block":1,"minecraft:shield":1,"minecraft:stone_bricks":118,"minecraft:water_bucket":1,"minecraft:bone":1},"minecraft:killed":{"minecraft:zombie_villager":1,"minecraft:skeleton":2,"minecraft:zombie":4,"minecraft:bee":1,"minecraft:chicken":2},"minecraft:custom":{"minecraft:interact_with_furnace":52,"minecraft:mob_kills":11,"minecraft:interact_with_crafting_table":35,"minecraft:open_barrel":6,"minecraft:leave_game":36,"minecraft:time_since_death":23581,"minecraft:sleep_in_bed":3,"minecraft:climb_one_cm":12588,"minecraft:time_since_rest":7496,"minecraft:sprint_one_cm":448746,"minecraft:damage_taken":23454,"minecraft:walk_one_cm":485091,"minecraft:damage_blocked_by_shield":195,"minecraft:drop":19,"minecraft:damage_dealt":1851,"minecraft:swim_one_cm":5179,"minecraft:fly_one_cm":578597,"minecraft:open_chest":41,"minecraft:crouch_one_cm":31692,"minecraft:play_time":540237,"minecraft:deaths":19,"minecraft:sneak_time":12046,"minecraft:walk_under_water_one_cm":2921,"minecraft:jump":2372,"minecraft:interact_with_blast_furnace":1,"minecraft:walk_on_water_one_cm":3820,"minecraft:total_world_time":540237,"minecraft:fall_one_cm":72608},"minecraft:picked_up":{"minecraft:birch_log":44,"minecraft:charcoal":4,"minecraft:crafting_table":2,"minecraft:coarse_dirt":2,"minecraft:wheat":3,"minecraft:feather":4,"minecraft:chicken":5,"minecraft:ladder":2,"minecraft:water_bucket":2,"minecraft:birch_slab":5,"minecraft:wooden_pickaxe":1,"minecraft:birch_planks":57,"minecraft:flint":1,"minecraft:oak_log":181,"minecraft:shield":4,"minecraft:dirt":169,"minecraft:bone":13,"minecraft:oak_sign":1,"minecraft:apple":2,"minecraft:stone_bricks":93,"minecraft:wheat_seeds":11,"minecraft:bucket":1,"minecraft:iron_ingot":5,"minecraft:stone_pickaxe":3,"minecraft:iron_pickaxe":2,"minecraft:iron_sword":1,"minecraft:birch_sapling":5,"minecraft:oak_planks":35,"minecraft:furnace":2,"minecraft:stick":14,"minecraft:raw_iron":7,"minecraft:cooked_porkchop":10,"minecraft:stone_brick_slab":1,"minecraft:torch":21,"minecraft:gravel":24,"minecraft:pointed_dripstone":2,"minecraft:grass_block":1,"minecraft:mossy_cobblestone":6,"minecraft:pumpkin_seeds":4,"minecraft:arrow":8,"minecraft:stone_shovel":3,"minecraft:rotten_flesh":9,"minecraft:beetroot_seeds":3,"minecraft:stone_axe":3,"minecraft:golden_apple":1,"minecraft:oak_sapling":31,"minecraft:coal":45,"minecraft:crimson_roots":2,"minecraft:cobblestone":343},"minecraft:mined":{"minecraft:stone_brick_slab":1,"minecraft:torch":3,"minecraft:short_grass":38,"minecraft:grass_block":51,"minecraft:cobblestone":8,"minecraft:oak_planks":4,"minecraft:wall_torch":2,"minecraft:birch_planks":13,"minecraft:coarse_dirt":2,"minecraft:furnace":1,"minecraft:birch_log":44,"minecraft:iron_ore":7,"minecraft:wheat":3,"minecraft:birch_leaves":7,"minecraft:oak_log":133,"minecraft:coal_ore":26,"minecraft:gravel":14,"minecraft:dirt":28,"minecraft:stone_bricks":2,"minecraft:stone":226,"minecraft:oak_leaves":33}},"DataVersion":3955}