{"stats":{"minecraft:crafted":{"minecraft:oak_planks":60,"minecraft:cooked_porkchop":10,"minecraft:crafting_table":2,"minecraft:iron_sword":1,"minecraft:furnace":5,"minecraft:cobblestone_stairs":40,"minecraft:birch_planks":120,"minecraft:stone_axe":1,"minecraft:bread":153,"minecraft:air":0,"minecraft:flint_and_steel":1,"minecraft:oak_boat":1,"minecraft:diamond_pickaxe":1,"minecraft:shield":1,"minecraft:iron_axe":1,"minecraft:ladder":9,"minecraft:birch_fence":9,"minecraft:stick":40,"minecraft:iron_ingot":17,"minecraft:iron_pickaxe":2,"minecraft:chest":2,"minecraft:iron_shovel":2,"minecraft:torch":12,"minecraft:shears":1,"minecraft:birch_sign":3,"minecraft:wheat":459},"minecraft:dropped":{"minecraft:bread":14,"minecraft:wheat_seeds":6,"minecraft:cooked_beef":2,"minecraft:cobbled_deepslate":4,"minecraft:cobblestone":64,"minecraft:apple":1,"minecraft:leather":5,"minecraft:suspicious_stew":3,"minecraft:stick":1,"minecraft:dirt":2,"minecraft:shield":1,"minecraft:torch":24,"minecraft:iron_axe":1,"minecraft:iron_pickaxe":2},"minecraft:used":{"minecraft:cobblestone_stairs":40,"minecraft:iron_shovel":522,"minecraft:flint_and_steel":20,"minecraft:oak_planks":5,"minecraft:stone_pickaxe":81,"minecraft:stone_shovel":3,"minecraft:ladder":2,"minecraft:wooden_pickaxe":56,"minecraft:chest":4,"minecraft:iron_sword":3,"minecraft:torch":1,"minecraft:dirt":578,"minecraft:crafting_table":5,"minecraft:birch_sign":1,"minecraft:shears":14,"minecraft:birch_fence":5,"minecraft:oak_log":4,"minecraft:iron_axe":80,"minecraft:bread":12,"minecraft:iron_pickaxe":342,"minecraft:cherry_leaves":6,"minecraft:stone_axe":86,"minecraft:pink_petals":79,"minecraft:cobblestone":58,"minecraft:furnace":6,"minecraft:cooked_porkchop":9,"minecraft:oak_sapling":2,"minecraft:porkchop":2,"minecraft:birch_log":6,"minecraft:andesite":1,"minecraft:yellow_bed":3,"minecraft:oak_boat":1},"minecraft:custom":{"minecraft:interact_with_furnace":39,"minecraft:mob_kills":6,"minecraft:interact_with_crafting_table":35,"minecraft:leave_game":3,"minecraft:time_since_death":153598,"minecraft:sleep_in_bed":3,"minecraft:climb_one_cm":3562,"minecraft:time_since_rest":17509,"minecraft:sprint_one_cm":209834,"minecraft:damage_taken":1003,"minecraft:walk_one_cm":379993,"minecraft:drop":17,"minecraft:damage_dealt":552,"minecraft:swim_one_cm":9928,"minecraft:fly_one_cm":287456,"minecraft:open_chest":51,"minecraft:crouch_one_cm":3609,"minecraft:play_time":153598,"minecraft:sneak_time":1435,"minecraft:walk_under_water_one_cm":8425,"minecraft:boat_one_cm":127887,"minecraft:jump":2083,"minecraft:walk_on_water_one_cm":2878,"minecraft:total_world_time":153598,"minecraft:fall_one_cm":41266,"minecraft:horse_one_cm":440},"minecraft:broken":{"minecraft:iron_shovel":1,"minecraft:stone_shovel":1},"minecraft:mined":{"minecraft:tuff":20,"minecraft:deepslate_diamond_ore":4,"minecraft:cobblestone_stairs":6,"minecraft:cherry_log":57,"minecraft:dandelion":3,"minecraft:brewing_stand":1,"minecraft:crafting_table":4,"minecraft:torch":1,"minecraft:grass_block":284,"minecraft:poppy":1,"minecraft:chest":3,"minecraft:copper_ore":1,"minecraft:tall_grass":25,"minecraft:cobblestone":16,"minecraft:oak_planks":4,"minecraft:diorite":3,"minecraft:pink_petals":106,"minecraft:hay_block":51,"minecraft:furnace":2,"minecraft:birch_log":19,"minecraft:iron_ore":10,"minecraft:fire":8,"minecraft:birch_leaves":2,"minecraft:andesite":2,"minecraft:yellow_bed":4,"minecraft:grass":125,"minecraft:oak_log":58,"minecraft:coal_ore":4,"minecraft:deepslate_iron_ore":11,"minecraft:cherry_leaves":25,"minecraft:dirt":220,"minecraft:stone":248,"minecraft:oak_leaves":7,"minecraft:birch_fence":1,"minecraft:deepslate":81},"minecraft:killed":{"minecraft:pig":5,"minecraft:salmon":1},"minecraft:picked_up":{"minecraft:birch_log":18,"minecraft:charcoal":8,"minecraft:pink_petals":299,"minecraft:crafting_table":4,"minecraft:feather":1,"minecraft:cooked_beef":2,"minecraft:cherry_leaves":13,"minecraft:andesite":2,"minecraft:suspicious_stew":2,"minecraft:salmon":1,"minecraft:leather":5,"minecraft:shield":1,"minecraft:oak_log":51,"minecraft:brewing_stand":1,"minecraft:yellow_bed":4,"minecraft:cobblestone_stairs":13,"minecraft:map":1,"minecraft:dirt":513,"minecraft:paper":7,"minecraft:raw_copper":4,"minecraft:iron_axe":1,"minecraft:iron_shovel":1,"minecraft:birch_fence":1,"minecraft:apple":3,"minecraft:wheat_seeds":20,"minecraft:cobbled_deepslate":68,"minecraft:iron_ingot":2,"minecraft:oak_boat":1,"minecraft:poppy":1,"minecraft:iron_pickaxe":2,"minecraft:birch_sapling":8,"minecraft:chest":3,"minecraft:oak_planks":15,"minecraft:egg":1,"minecraft:furnace":2,"minecraft:stick":16,"minecraft:raw_iron":23,"minecraft:torch":37,"minecraft:dandelion":2,"minecraft:porkchop":12,"minecraft:cherry_log":54,"minecraft:diorite":3,"minecraft:diamond":4,"minecraft:hay_block":51,"minecraft:cherry_sapling":3,"minecraft:bread":14,"minecraft:oak_sapling":11,"minecraft:coal":8,"minecraft:cobblestone":332}},"DataVersion":3465}