{
  "minecraft:recipes/decorations/crafting_table": {
    "criteria": {
      "unlock_right_away": "2024-07-16 15:48:38 +0000"
    },
    "done": true
  },
  "minecraft:adventure/root": {
    "criteria": {
      "killed_something": "2024-07-16 15:49:52 +0000"
    },
    "done": true
  },
  "minecraft:adventure/adventuring_time": {
    "criteria": {
      "minecraft:snowy_taiga": "2024-07-16 15:48:39 +0000",
      "minecraft:frozen_ocean": "2024-07-16 15:49:07 +0000",
      "minecraft:snowy_beach": "2024-07-16 15:49:05 +0000"
    },
    "done": false
  },
  "DataVersion": 3465
}