{"minecraft:recipes/decorations/crafting_table":{"criteria":{"unlock_right_away":"2024-10-01 21:40:23 +0000"},"done":true},"minecraft:adventure/adventuring_time":{"criteria":{"minecraft:forest":"2024-10-01 21:40:24 +0000","minecraft:sparse_jungle":"2024-10-03 21:24:43 +0000","minecraft:river":"2024-10-02 20:35:00 +0000","minecraft:swamp":"2024-10-02 20:04:31 +0000","minecraft:dripstone_caves":"2024-10-03 20:23:28 +0000","minecraft:plains":"2024-10-01 22:33:56 +0000"},"done":false},"minecraft:recipes/decorations/glow_item_frame":{"criteria":{"has_glow_ink_sac":"2024-10-01 22:49:55 +0000"},"done":true},"minecraft:husbandry/make_a_sign_glow":{"criteria":{"make_a_sign_glow":"2024-10-01 22:49:56 +0000"},"done":true},"minecraft:recipes/building_blocks/dye_red_bed":{"criteria":{"has_needed_dye":"2024-10-01 22:50:49 +0000"},"done":true},"minecraft:recipes/building_blocks/dye_red_wool":{"criteria":{"has_needed_dye":"2024-10-01 22:50:49 +0000"},"done":true},"minecraft:recipes/misc/purple_dye":{"criteria":{"has_red_dye":"2024-10-01 22:50:49 +0000"},"done":true},"minecraft:recipes/misc/orange_dye_from_red_yellow":{"criteria":{"has_red_dye":"2024-10-01 22:50:49 +0000"},"done":true},"minecraft:recipes/decorations/red_candle":{"criteria":{"has_red_dye":"2024-10-01 22:50:49 +0000"},"done":true},"minecraft:recipes/misc/magenta_dye_from_blue_red_pink":{"criteria":{"has_red_dye":"2024-10-01 22:50:49 +0000"},"done":true},"minecraft:recipes/decorations/red_stained_glass_pane_from_glass_pane":{"criteria":{"has_red_dye":"2024-10-01 22:50:49 +0000"},"done":true},"minecraft:recipes/misc/pink_dye_from_red_white_dye":{"criteria":{"has_red_dye":"2024-10-01 22:50:49 +0000"},"done":true},"minecraft:recipes/building_blocks/dye_red_carpet":{"criteria":{"has_needed_dye":"2024-10-01 22:50:49 +0000"},"done":true},"minecraft:recipes/misc/magenta_dye_from_blue_red_white_dye":{"criteria":{"has_rose_red":"2024-10-01 22:50:49 +0000"},"done":true},"minecraft:recipes/decorations/yellow_candle":{"criteria":{"has_yellow_dye":"2024-10-01 22:50:50 +0000"},"done":true},"minecraft:recipes/building_blocks/dye_yellow_carpet":{"criteria":{"has_needed_dye":"2024-10-01 22:50:50 +0000"},"done":true},"minecraft:recipes/decorations/yellow_stained_glass_pane_from_glass_pane":{"criteria":{"has_yellow_dye":"2024-10-01 22:50:50 +0000"},"done":true},"minecraft:recipes/building_blocks/dye_yellow_wool":{"criteria":{"has_needed_dye":"2024-10-01 22:50:50 +0000"},"done":true},"minecraft:recipes/building_blocks/dye_yellow_bed":{"criteria":{"has_needed_dye":"2024-10-01 22:50:50 +0000"},"done":true},"minecraft:recipes/decorations/orange_candle":{"criteria":{"has_orange_dye":"2024-10-01 22:51:02 +0000"},"done":true},"minecraft:recipes/building_blocks/dye_orange_bed":{"criteria":{"has_needed_dye":"2024-10-01 22:51:02 +0000"},"done":true},"minecraft:recipes/building_blocks/dye_orange_carpet":{"criteria":{"has_needed_dye":"2024-10-01 22:51:02 +0000"},"done":true},"minecraft:recipes/building_blocks/dye_orange_wool":{"criteria":{"has_needed_dye":"2024-10-01 22:51:02 +0000"},"done":true},"minecraft:recipes/decorations/orange_stained_glass_pane_from_glass_pane":{"criteria":{"has_orange_dye":"2024-10-01 22:51:02 +0000"},"done":true},"minecraft:recipes/misc/lime_dye":{"criteria":{"has_green_dye":"2024-10-01 22:51:09 +0000"},"done":true},"minecraft:recipes/misc/cyan_dye":{"criteria":{"has_green_dye":"2024-10-01 22:51:09 +0000"},"done":true},"minecraft:recipes/building_blocks/dye_green_bed":{"criteria":{"has_needed_dye":"2024-10-01 22:51:09 +0000"},"done":true},"minecraft:recipes/building_blocks/dye_green_carpet":{"criteria":{"has_needed_dye":"2024-10-01 22:51:09 +0000"},"done":true},"minecraft:recipes/decorations/green_stained_glass_pane_from_glass_pane":{"criteria":{"has_green_dye":"2024-10-01 22:51:09 +0000"},"done":true},"minecraft:recipes/decorations/green_candle":{"criteria":{"has_green_dye":"2024-10-01 22:51:09 +0000"},"done":true},"minecraft:recipes/building_blocks/dye_green_wool":{"criteria":{"has_needed_dye":"2024-10-01 22:51:09 +0000"},"done":true},"minecraft:recipes/decorations/chest":{"criteria":{"has_lots_of_items":"2024-10-01 22:51:40 +0000"},"done":true},"minecraft:recipes/redstone/redstone":{"criteria":{"has_redstone_block":"2024-10-01 23:00:39 +0000"},"done":true},"minecraft:recipes/building_blocks/stone_bricks":{"criteria":{"has_stone":"2024-10-01 23:08:44 +0000"},"done":true},"minecraft:recipes/building_blocks/stone_brick_slab_from_stone_stonecutting":{"criteria":{"has_stone":"2024-10-01 23:08:44 +0000"},"done":true},"minecraft:recipes/building_blocks/stone_brick_stairs_from_stone_stonecutting":{"criteria":{"has_stone":"2024-10-01 23:08:44 +0000"},"done":true},"minecraft:recipes/building_blocks/stone_slab_from_stone_stonecutting":{"criteria":{"has_stone":"2024-10-01 23:08:44 +0000"},"done":true},"minecraft:recipes/building_blocks/stone_bricks_from_stone_stonecutting":{"criteria":{"has_stone":"2024-10-01 23:08:44 +0000"},"done":true},"minecraft:recipes/building_blocks/stone_slab":{"criteria":{"has_stone":"2024-10-01 23:08:44 +0000"},"done":true},"minecraft:recipes/building_blocks/chiseled_stone_bricks_stone_from_stonecutting":{"criteria":{"has_stone":"2024-10-01 23:08:44 +0000"},"done":true},"minecraft:recipes/building_blocks/stone_stairs_from_stone_stonecutting":{"criteria":{"has_stone":"2024-10-01 23:08:44 +0000"},"done":true},"minecraft:recipes/redstone/stone_button":{"criteria":{"has_stone":"2024-10-01 23:08:44 +0000"},"done":true},"minecraft:recipes/decorations/stonecutter":{"criteria":{"has_stone":"2024-10-01 23:08:44 +0000"},"done":true},"minecraft:recipes/redstone/stone_pressure_plate":{"criteria":{"has_stone":"2024-10-01 23:08:44 +0000"},"done":true},"minecraft:recipes/building_blocks/smooth_stone":{"criteria":{"has_stone":"2024-10-01 23:08:44 +0000"},"done":true},"minecraft:recipes/decorations/stone_brick_walls_from_stone_stonecutting":{"criteria":{"has_stone":"2024-10-01 23:08:44 +0000"},"done":true},"minecraft:recipes/building_blocks/stone_stairs":{"criteria":{"has_stone":"2024-10-01 23:08:44 +0000"},"done":true},"minecraft:recipes/building_blocks/dye_purple_wool":{"criteria":{"has_needed_dye":"2024-10-01 23:12:56 +0000"},"done":true},"minecraft:recipes/decorations/purple_stained_glass_pane_from_glass_pane":{"criteria":{"has_purple_dye":"2024-10-01 23:12:56 +0000"},"done":true},"minecraft:recipes/building_blocks/dye_purple_carpet":{"criteria":{"has_needed_dye":"2024-10-01 23:12:56 +0000"},"done":true},"minecraft:recipes/decorations/purple_candle":{"criteria":{"has_purple_dye":"2024-10-01 23:12:56 +0000"},"done":true},"minecraft:recipes/misc/magenta_dye_from_purple_and_pink":{"criteria":{"has_purple_dye":"2024-10-01 23:12:56 +0000"},"done":true},"minecraft:recipes/building_blocks/dye_purple_bed":{"criteria":{"has_needed_dye":"2024-10-01 23:12:56 +0000"},"done":true},"minecraft:recipes/misc/light_blue_dye_from_blue_white_dye":{"criteria":{"has_white_dye":"2024-10-01 23:13:15 +0000"},"done":true},"minecraft:recipes/misc/light_gray_dye_from_gray_white_dye":{"criteria":{"has_white_dye":"2024-10-01 23:13:15 +0000"},"done":true},"minecraft:recipes/building_blocks/dye_white_carpet":{"criteria":{"has_needed_dye":"2024-10-01 23:13:15 +0000"},"done":true},"minecraft:recipes/building_blocks/dye_white_wool":{"criteria":{"has_needed_dye":"2024-10-01 23:13:15 +0000"},"done":true},"minecraft:recipes/decorations/white_candle":{"criteria":{"has_white_dye":"2024-10-01 23:13:15 +0000"},"done":true},"minecraft:recipes/misc/gray_dye":{"criteria":{"has_white_dye":"2024-10-01 23:13:15 +0000"},"done":true},"minecraft:recipes/misc/light_gray_dye_from_black_white_dye":{"criteria":{"has_white_dye":"2024-10-01 23:13:15 +0000"},"done":true},"minecraft:recipes/building_blocks/dye_white_bed":{"criteria":{"has_needed_dye":"2024-10-01 23:13:15 +0000"},"done":true},"minecraft:recipes/decorations/white_stained_glass_pane_from_glass_pane":{"criteria":{"has_white_dye":"2024-10-01 23:13:15 +0000"},"done":true},"minecraft:recipes/tools/flint_and_steel":{"criteria":{"has_obsidian":"2024-10-02 19:54:04 +0000"},"done":true},"minecraft:story/form_obsidian":{"criteria":{"obsidian":"2024-10-02 19:54:04 +0000"},"done":true},"minecraft:recipes/decorations/enchanting_table":{"criteria":{"has_obsidian":"2024-10-02 19:54:04 +0000"},"done":true},"minecraft:nether/root":{"criteria":{"entered_nether":"2024-10-02 19:54:29 +0000"},"done":true},"minecraft:story/enter_the_nether":{"criteria":{"entered_nether":"2024-10-02 19:54:29 +0000"},"done":true},"minecraft:nether/explore_nether":{"criteria":{"minecraft:crimson_forest":"2024-10-02 19:54:30 +0000"},"done":false},"minecraft:recipes/transportation/mangrove_boat":{"criteria":{"in_water":"2024-10-02 20:04:31 +0000"},"done":true},"minecraft:recipes/transportation/acacia_boat":{"criteria":{"in_water":"2024-10-02 20:04:31 +0000"},"done":true},"minecraft:recipes/transportation/cherry_boat":{"criteria":{"in_water":"2024-10-02 20:04:31 +0000"},"done":true},"minecraft:recipes/transportation/bamboo_raft":{"criteria":{"in_water":"2024-10-02 20:04:31 +0000"},"done":true},"minecraft:recipes/transportation/spruce_boat":{"criteria":{"in_water":"2024-10-02 20:04:31 +0000"},"done":true},"minecraft:recipes/transportation/birch_boat":{"criteria":{"in_water":"2024-10-02 20:04:31 +0000"},"done":true},"minecraft:recipes/transportation/oak_boat":{"criteria":{"in_water":"2024-10-02 20:04:31 +0000"},"done":true},"minecraft:recipes/transportation/jungle_boat":{"criteria":{"in_water":"2024-10-02 20:04:31 +0000"},"done":true},"minecraft:recipes/transportation/dark_oak_boat":{"criteria":{"in_water":"2024-10-02 20:04:31 +0000"},"done":true},"minecraft:adventure/root":{"criteria":{"killed_by_something":"2024-10-02 22:15:23 +0000"},"done":true},"minecraft:recipes/misc/mojang_banner_pattern":{"criteria":{"has_enchanted_golden_apple":"2024-10-03 19:09:51 +0000"},"done":true},"minecraft:recipes/misc/charcoal":{"criteria":{"has_log":"2024-10-03 20:07:10 +0000"},"done":true},"minecraft:recipes/building_blocks/oak_planks":{"criteria":{"has_logs":"2024-10-03 20:07:10 +0000"},"done":true},"minecraft:recipes/building_blocks/oak_wood":{"criteria":{"has_log":"2024-10-03 20:07:10 +0000"},"done":true},"minecraft:recipes/building_blocks/oak_slab":{"criteria":{"has_planks":"2024-10-03 20:07:54 +0000"},"done":true},"minecraft:recipes/decorations/oak_sign":{"criteria":{"has_planks":"2024-10-03 20:07:54 +0000"},"done":true},"minecraft:recipes/redstone/oak_trapdoor":{"criteria":{"has_planks":"2024-10-03 20:07:54 +0000"},"done":true},"minecraft:recipes/redstone/oak_fence_gate":{"criteria":{"has_planks":"2024-10-03 20:07:54 +0000"},"done":true},"minecraft:recipes/redstone/oak_pressure_plate":{"criteria":{"has_planks":"2024-10-03 20:07:54 +0000"},"done":true},"minecraft:recipes/redstone/oak_door":{"criteria":{"has_planks":"2024-10-03 20:07:54 +0000"},"done":true},"minecraft:recipes/misc/stick":{"criteria":{"has_planks":"2024-10-03 20:07:54 +0000"},"done":true},"minecraft:recipes/building_blocks/oak_stairs":{"criteria":{"has_planks":"2024-10-03 20:07:54 +0000"},"done":true},"minecraft:recipes/decorations/oak_fence":{"criteria":{"has_planks":"2024-10-03 20:07:54 +0000"},"done":true},"minecraft:recipes/decorations/barrel":{"criteria":{"has_planks":"2024-10-03 20:07:54 +0000"},"done":true},"minecraft:recipes/redstone/oak_button":{"criteria":{"has_planks":"2024-10-03 20:07:54 +0000"},"done":true},"minecraft:recipes/decorations/ladder":{"criteria":{"has_stick":"2024-10-03 20:08:04 +0000"},"done":true},"minecraft:recipes/decorations/campfire":{"criteria":{"has_stick":"2024-10-03 20:08:04 +0000"},"done":true},"minecraft:recipes/tools/wooden_hoe":{"criteria":{"has_stick":"2024-10-03 20:08:04 +0000"},"done":true},"minecraft:recipes/tools/wooden_pickaxe":{"criteria":{"has_stick":"2024-10-03 20:08:04 +0000"},"done":true},"minecraft:recipes/tools/wooden_axe":{"criteria":{"has_stick":"2024-10-03 20:08:04 +0000"},"done":true},"minecraft:recipes/tools/wooden_shovel":{"criteria":{"has_stick":"2024-10-03 20:08:04 +0000"},"done":true},"minecraft:recipes/combat/wooden_sword":{"criteria":{"has_stick":"2024-10-03 20:08:04 +0000"},"done":true},"minecraft:story/root":{"criteria":{"crafting_table":"2024-10-03 20:08:07 +0000"},"done":true},"minecraft:recipes/redstone/lever":{"criteria":{"has_cobblestone":"2024-10-03 20:08:15 +0000"},"done":true},"minecraft:recipes/combat/stone_sword":{"criteria":{"has_cobblestone":"2024-10-03 20:08:15 +0000"},"done":true},"minecraft:recipes/decorations/cobblestone_wall":{"criteria":{"has_cobblestone":"2024-10-03 20:08:15 +0000"},"done":true},"minecraft:recipes/tools/stone_pickaxe":{"criteria":{"has_cobblestone":"2024-10-03 20:08:15 +0000"},"done":true},"minecraft:recipes/tools/stone_axe":{"criteria":{"has_cobblestone":"2024-10-03 20:08:15 +0000"},"done":true},"minecraft:story/mine_stone":{"criteria":{"get_stone":"2024-10-03 20:08:15 +0000"},"done":true},"minecraft:recipes/decorations/furnace":{"criteria":{"has_cobblestone":"2024-10-03 20:08:15 +0000"},"done":true},"minecraft:recipes/building_blocks/cobblestone_slab":{"criteria":{"has_cobblestone":"2024-10-03 20:08:15 +0000"},"done":true},"minecraft:recipes/building_blocks/cobblestone_slab_from_cobblestone_stonecutting":{"criteria":{"has_cobblestone":"2024-10-03 20:08:15 +0000"},"done":true},"minecraft:recipes/building_blocks/stone":{"criteria":{"has_cobblestone":"2024-10-03 20:08:15 +0000"},"done":true},"minecraft:recipes/decorations/cobblestone_wall_from_cobblestone_stonecutting":{"criteria":{"has_cobblestone":"2024-10-03 20:08:15 +0000"},"done":true},"minecraft:recipes/building_blocks/cobblestone_stairs_from_cobblestone_stonecutting":{"criteria":{"has_cobblestone":"2024-10-03 20:08:15 +0000"},"done":true},"minecraft:recipes/building_blocks/cobblestone_stairs":{"criteria":{"has_cobblestone":"2024-10-03 20:08:15 +0000"},"done":true},"minecraft:recipes/tools/stone_hoe":{"criteria":{"has_cobblestone":"2024-10-03 20:08:15 +0000"},"done":true},"minecraft:recipes/tools/stone_shovel":{"criteria":{"has_cobblestone":"2024-10-03 20:08:15 +0000"},"done":true},"minecraft:recipes/decorations/torch":{"criteria":{"has_stone_pickaxe":"2024-10-03 20:08:20 +0000"},"done":true},"minecraft:story/upgrade_tools":{"criteria":{"stone_pickaxe":"2024-10-03 20:08:20 +0000"},"done":true},"minecraft:recipes/decorations/smoker":{"criteria":{"has_furnace":"2024-10-03 20:10:08 +0000"},"done":true},"minecraft:adventure/kill_all_mobs":{"criteria":{"minecraft:skeleton":"2024-10-03 20:11:19 +0000","minecraft:zombie":"2024-10-03 20:21:49 +0000","minecraft:zombie_villager":"2024-10-03 21:54:18 +0000"},"done":false},"minecraft:adventure/kill_a_mob":{"criteria":{"minecraft:skeleton":"2024-10-03 20:11:19 +0000"},"done":true},"minecraft:recipes/misc/bone_meal":{"criteria":{"has_bone":"2024-10-03 20:11:20 +0000"},"done":true},"minecraft:recipes/food/cooked_chicken_from_campfire_cooking":{"criteria":{"has_chicken":"2024-10-03 20:17:23 +0000"},"done":true},"minecraft:recipes/food/cooked_chicken":{"criteria":{"has_chicken":"2024-10-03 20:17:23 +0000"},"done":true},"minecraft:recipes/food/cooked_chicken_from_smoking":{"criteria":{"has_chicken":"2024-10-03 20:17:23 +0000"},"done":true},"minecraft:recipes/misc/iron_ingot_from_smelting_raw_iron":{"criteria":{"has_raw_iron":"2024-10-03 20:18:02 +0000"},"done":true},"minecraft:recipes/building_blocks/raw_iron_block":{"criteria":{"has_raw_iron":"2024-10-03 20:18:02 +0000"},"done":true},"minecraft:recipes/misc/iron_ingot_from_blasting_raw_iron":{"criteria":{"has_raw_iron":"2024-10-03 20:18:02 +0000"},"done":true},"minecraft:husbandry/balanced_diet":{"criteria":{"apple":"2024-10-03 20:23:02 +0000","chicken":"2024-10-03 20:34:39 +0000","cooked_chicken":"2024-10-03 20:18:59 +0000","rotten_flesh":"2024-10-03 21:20:58 +0000","cooked_beef":"2024-10-03 21:42:05 +0000"},"done":false},"minecraft:husbandry/root":{"criteria":{"consumed_item":"2024-10-03 20:18:59 +0000"},"done":true},"minecraft:recipes/building_blocks/birch_planks":{"criteria":{"has_logs":"2024-10-03 20:19:03 +0000"},"done":true},"minecraft:recipes/building_blocks/birch_wood":{"criteria":{"has_log":"2024-10-03 20:19:03 +0000"},"done":true},"minecraft:recipes/combat/arrow":{"criteria":{"has_feather":"2024-10-03 20:19:21 +0000"},"done":true},"minecraft:recipes/redstone/birch_button":{"criteria":{"has_planks":"2024-10-03 20:21:10 +0000"},"done":true},"minecraft:recipes/redstone/birch_door":{"criteria":{"has_planks":"2024-10-03 20:21:10 +0000"},"done":true},"minecraft:recipes/decorations/birch_fence":{"criteria":{"has_planks":"2024-10-03 20:21:10 +0000"},"done":true},"minecraft:recipes/redstone/birch_trapdoor":{"criteria":{"has_planks":"2024-10-03 20:21:10 +0000"},"done":true},"minecraft:recipes/decorations/birch_sign":{"criteria":{"has_planks":"2024-10-03 20:21:10 +0000"},"done":true},"minecraft:recipes/redstone/birch_fence_gate":{"criteria":{"has_planks":"2024-10-03 20:21:10 +0000"},"done":true},"minecraft:recipes/redstone/birch_pressure_plate":{"criteria":{"has_planks":"2024-10-03 20:21:10 +0000"},"done":true},"minecraft:recipes/building_blocks/birch_slab":{"criteria":{"has_planks":"2024-10-03 20:21:10 +0000"},"done":true},"minecraft:recipes/building_blocks/birch_stairs":{"criteria":{"has_planks":"2024-10-03 20:21:10 +0000"},"done":true},"minecraft:recipes/combat/iron_sword":{"criteria":{"has_iron_ingot":"2024-10-03 20:22:06 +0000"},"done":true},"minecraft:recipes/tools/iron_pickaxe":{"criteria":{"has_iron_ingot":"2024-10-03 20:22:06 +0000"},"done":true},"minecraft:recipes/combat/iron_leggings":{"criteria":{"has_iron_ingot":"2024-10-03 20:22:06 +0000"},"done":true},"minecraft:recipes/combat/shield":{"criteria":{"has_iron_ingot":"2024-10-03 20:22:06 +0000"},"done":true},"minecraft:recipes/redstone/hopper":{"criteria":{"has_iron_ingot":"2024-10-03 20:22:06 +0000"},"done":true},"minecraft:recipes/decorations/iron_bars":{"criteria":{"has_iron_ingot":"2024-10-03 20:22:06 +0000"},"done":true},"minecraft:recipes/combat/iron_boots":{"criteria":{"has_iron_ingot":"2024-10-03 20:22:06 +0000"},"done":true},"minecraft:recipes/combat/iron_chestplate":{"criteria":{"has_iron_ingot":"2024-10-03 20:22:06 +0000"},"done":true},"minecraft:recipes/decorations/lantern":{"criteria":{"has_iron_ingot":"2024-10-03 20:22:06 +0000"},"done":true},"minecraft:recipes/misc/iron_nugget":{"criteria":{"has_iron_ingot":"2024-10-03 20:22:06 +0000"},"done":true},"minecraft:recipes/misc/bucket":{"criteria":{"has_iron_ingot":"2024-10-03 20:22:06 +0000"},"done":true},"minecraft:recipes/combat/iron_helmet":{"criteria":{"has_iron_ingot":"2024-10-03 20:22:06 +0000"},"done":true},"minecraft:recipes/transportation/minecart":{"criteria":{"has_iron_ingot":"2024-10-03 20:22:06 +0000"},"done":true},"minecraft:recipes/tools/iron_hoe":{"criteria":{"has_iron_ingot":"2024-10-03 20:22:06 +0000"},"done":true},"minecraft:recipes/tools/iron_shovel":{"criteria":{"has_iron_ingot":"2024-10-03 20:22:06 +0000"},"done":true},"minecraft:story/smelt_iron":{"criteria":{"iron":"2024-10-03 20:22:06 +0000"},"done":true},"minecraft:recipes/tools/shears":{"criteria":{"has_iron_ingot":"2024-10-03 20:22:06 +0000"},"done":true},"minecraft:recipes/redstone/iron_trapdoor":{"criteria":{"has_iron_ingot":"2024-10-03 20:22:06 +0000"},"done":true},"minecraft:recipes/decorations/chain":{"criteria":{"has_iron_ingot":"2024-10-03 20:22:06 +0000"},"done":true},"minecraft:recipes/building_blocks/iron_block":{"criteria":{"has_iron_ingot":"2024-10-03 20:22:06 +0000"},"done":true},"minecraft:recipes/tools/iron_axe":{"criteria":{"has_iron_ingot":"2024-10-03 20:22:06 +0000"},"done":true},"minecraft:recipes/combat/crossbow":{"criteria":{"has_iron_ingot":"2024-10-03 20:22:06 +0000"},"done":true},"minecraft:recipes/decorations/smithing_table":{"criteria":{"has_iron_ingot":"2024-10-03 20:22:06 +0000"},"done":true},"minecraft:recipes/redstone/iron_door":{"criteria":{"has_iron_ingot":"2024-10-03 20:22:06 +0000"},"done":true},"minecraft:recipes/redstone/heavy_weighted_pressure_plate":{"criteria":{"has_iron_ingot":"2024-10-03 20:22:06 +0000"},"done":true},"minecraft:recipes/building_blocks/lime_concrete_powder":{"criteria":{"has_gravel":"2024-10-03 20:23:31 +0000"},"done":true},"minecraft:recipes/building_blocks/coarse_dirt":{"criteria":{"has_gravel":"2024-10-03 20:23:31 +0000"},"done":true},"minecraft:recipes/building_blocks/light_gray_concrete_powder":{"criteria":{"has_gravel":"2024-10-03 20:23:31 +0000"},"done":true},"minecraft:recipes/building_blocks/pink_concrete_powder":{"criteria":{"has_gravel":"2024-10-03 20:23:31 +0000"},"done":true},"minecraft:recipes/building_blocks/orange_concrete_powder":{"criteria":{"has_gravel":"2024-10-03 20:23:31 +0000"},"done":true},"minecraft:recipes/building_blocks/red_concrete_powder":{"criteria":{"has_gravel":"2024-10-03 20:23:31 +0000"},"done":true},"minecraft:recipes/building_blocks/magenta_concrete_powder":{"criteria":{"has_gravel":"2024-10-03 20:23:31 +0000"},"done":true},"minecraft:recipes/building_blocks/brown_concrete_powder":{"criteria":{"has_gravel":"2024-10-03 20:23:31 +0000"},"done":true},"minecraft:recipes/building_blocks/light_blue_concrete_powder":{"criteria":{"has_gravel":"2024-10-03 20:23:31 +0000"},"done":true},"minecraft:recipes/building_blocks/green_concrete_powder":{"criteria":{"has_gravel":"2024-10-03 20:23:31 +0000"},"done":true},"minecraft:recipes/building_blocks/blue_concrete_powder":{"criteria":{"has_gravel":"2024-10-03 20:23:31 +0000"},"done":true},"minecraft:recipes/building_blocks/yellow_concrete_powder":{"criteria":{"has_gravel":"2024-10-03 20:23:31 +0000"},"done":true},"minecraft:recipes/building_blocks/white_concrete_powder":{"criteria":{"has_gravel":"2024-10-03 20:23:31 +0000"},"done":true},"minecraft:recipes/building_blocks/gray_concrete_powder":{"criteria":{"has_gravel":"2024-10-03 20:23:31 +0000"},"done":true},"minecraft:recipes/building_blocks/black_concrete_powder":{"criteria":{"has_gravel":"2024-10-03 20:23:31 +0000"},"done":true},"minecraft:recipes/building_blocks/purple_concrete_powder":{"criteria":{"has_gravel":"2024-10-03 20:23:31 +0000"},"done":true},"minecraft:recipes/building_blocks/cyan_concrete_powder":{"criteria":{"has_gravel":"2024-10-03 20:23:31 +0000"},"done":true},"minecraft:recipes/building_blocks/coal_block":{"criteria":{"has_coal":"2024-10-03 20:29:40 +0000"},"done":true},"minecraft:recipes/misc/iron_nugget_from_smelting":{"criteria":{"has_iron_pickaxe":"2024-10-03 20:29:52 +0000"},"done":true},"minecraft:story/iron_tools":{"criteria":{"iron_pickaxe":"2024-10-03 20:29:52 +0000"},"done":true},"minecraft:recipes/misc/iron_nugget_from_blasting":{"criteria":{"has_iron_pickaxe":"2024-10-03 20:29:52 +0000"},"done":true},"minecraft:recipes/decorations/mossy_cobblestone_wall":{"criteria":{"has_mossy_cobblestone":"2024-10-03 20:32:26 +0000"},"done":true},"minecraft:recipes/building_blocks/mossy_cobblestone_slab_from_mossy_cobblestone_stonecutting":{"criteria":{"has_mossy_cobblestone":"2024-10-03 20:32:26 +0000"},"done":true},"minecraft:recipes/building_blocks/mossy_cobblestone_stairs_from_mossy_cobblestone_stonecutting":{"criteria":{"has_mossy_cobblestone":"2024-10-03 20:32:26 +0000"},"done":true},"minecraft:recipes/building_blocks/dripstone_block":{"criteria":{"has_pointed_dripstone":"2024-10-03 20:32:26 +0000"},"done":true},"minecraft:recipes/decorations/mossy_cobblestone_wall_from_mossy_cobblestone_stonecutting":{"criteria":{"has_mossy_cobblestone":"2024-10-03 20:32:26 +0000"},"done":true},"minecraft:recipes/building_blocks/mossy_cobblestone_slab":{"criteria":{"has_mossy_cobblestone":"2024-10-03 20:32:26 +0000"},"done":true},"minecraft:recipes/building_blocks/mossy_cobblestone_stairs":{"criteria":{"has_mossy_cobblestone":"2024-10-03 20:32:26 +0000"},"done":true},"minecraft:recipes/decorations/composter":{"criteria":{"has_wood_slab":"2024-10-03 20:32:28 +0000"},"done":true},"minecraft:recipes/brewing/cauldron":{"criteria":{"has_water_bucket":"2024-10-03 20:35:16 +0000"},"done":true},"minecraft:recipes/decorations/stone_brick_wall":{"criteria":{"has_stone_bricks":"2024-10-03 21:07:02 +0000"},"done":true},"minecraft:recipes/building_blocks/stone_brick_slab_from_stone_bricks_stonecutting":{"criteria":{"has_stone_bricks":"2024-10-03 21:07:02 +0000"},"done":true},"minecraft:recipes/building_blocks/cracked_stone_bricks":{"criteria":{"has_stone_bricks":"2024-10-03 21:07:02 +0000"},"done":true},"minecraft:recipes/building_blocks/stone_brick_stairs_from_stone_bricks_stonecutting":{"criteria":{"has_stone_bricks":"2024-10-03 21:07:02 +0000"},"done":true},"minecraft:recipes/building_blocks/stone_brick_slab":{"criteria":{"has_stone_bricks":"2024-10-03 21:07:02 +0000"},"done":true},"minecraft:recipes/building_blocks/stone_brick_stairs":{"criteria":{"has_stone_bricks":"2024-10-03 21:07:02 +0000"},"done":true},"minecraft:recipes/building_blocks/chiseled_stone_bricks_from_stone_bricks_stonecutting":{"criteria":{"has_stone_bricks":"2024-10-03 21:07:02 +0000"},"done":true},"minecraft:recipes/building_blocks/chiseled_stone_bricks":{"criteria":{"has_tag":"2024-10-03 21:07:02 +0000"},"done":true},"minecraft:recipes/decorations/stone_brick_wall_from_stone_bricks_stonecutting":{"criteria":{"has_stone_bricks":"2024-10-03 21:07:02 +0000"},"done":true},"minecraft:story/deflect_arrow":{"criteria":{"deflected_projectile":"2024-10-03 21:24:23 +0000"},"done":true},"minecraft:husbandry/plant_seed":{"criteria":{"wheat":"2024-10-03 21:27:09 +0000"},"done":true},"minecraft:recipes/food/cooked_beef_from_smoking":{"criteria":{"has_beef":"2024-10-03 21:31:10 +0000"},"done":true},"minecraft:recipes/food/cooked_beef":{"criteria":{"has_beef":"2024-10-03 21:31:10 +0000"},"done":true},"minecraft:recipes/food/cooked_beef_from_campfire_cooking":{"criteria":{"has_beef":"2024-10-03 21:31:10 +0000"},"done":true},"minecraft:adventure/sleep_in_bed":{"criteria":{"slept_in_bed":"2024-10-03 21:37:01 +0000"},"done":true},"minecraft:recipes/food/bread":{"criteria":{"has_wheat":"2024-10-03 21:46:50 +0000"},"done":true},"minecraft:recipes/building_blocks/hay_block":{"criteria":{"has_wheat":"2024-10-03 21:46:50 +0000"},"done":true},"minecraft:recipes/decorations/fletching_table":{"criteria":{"has_flint":"2024-10-03 21:57:44 +0000"},"done":true},"DataVersion":3955}